filename,label,platform,category
archive_Chevrole1935_3.mp4,real,archive_org,street
archive_youtube-2VzdOb3ZUZ8.mp4,real,archive_org,news
archive_ev-20250926-193630-0.mp4,real,archive_org,cctv
archive_youtube-vN5SBKjWTKE.mp4,real,archive_org,cctv
archive_The_Framingham_Beat_.mp4,real,archive_org,people
archive_shotcut-20260302-142.mp4,real,archive_org,people
archive_my-vlog-for-amersham.mp4,real,archive_org,people
archive_you-cut_20250501.mp4,real,archive_org,people
archive_cpaz-Drone_Tour_of_I.mp4,real,archive_org,aerial
archive_horseshoe-bay-eclips.mp4,real,archive_org,aerial
archive_youtube-4_xQGtMjlao.mp4,real,archive_org,nature
archive_youtube-mtfsw5SDV1E.mp4,real,archive_org,sport
archive_olaks-Downtown_Mural.mp4,real,archive_org,street
archive_comfl-Timelapse_Tues.mp4,real,archive_org,street
archive_youtube-J3s3pTjyEv0.mp4,real,archive_org,animal
archive_youtube-xNU1MABx7MY.mp4,real,archive_org,animal
archive_Flickr-16229759582.mp4,real,archive_org,nature
archive_cosaz-White_Tank_Mou.mp4,real,archive_org,nature
archive_youtube-d8EdSVHSJSQ.mp4,real,archive_org,nature
archive_youtube-p_6Il7M5rho.mp4,real,archive_org,machine
archive_cubanc_000223.mp4,real,archive_org,misc
archive_deyo_ASN2021.mp4,real,archive_org,misc
archive_wtvlca-WHS_Announcem.mp4,real,archive_org,misc
archive_spautx-The_East_SXSW.mp4,real,archive_org,misc
archive_coptx-Sanding_Roads_.mp4,real,archive_org,weather
archive_Flickr-18278232695.mp4,real,archive_org,weather
archive_Spring_Street_Sweepi.mp4,real,archive_org,weather
archive_youtube-lxX8LlpEwlM.mp4,real,archive_org,people
archive_bostonCANshare_Launc.mp4,real,archive_org,people
archive_youtube-1DZdGexm_80.mp4,real,archive_org,people
archive_youtube-aaGD1vxEzY4.mp4,real,archive_org,misc
archive_youtube-LG_V9-BGOiE.mp4,real,archive_org,misc
archive_youtube-f-9kMKRic8Q.mp4,real,archive_org,misc
wiki_91486564.webm,real,wikimedia,nature
wiki_5573735.webm,real,wikimedia,nature
wiki_23323870.webm,real,wikimedia,nature
wiki_68179621.webm,real,wikimedia,people
wiki_10593090.webm,real,wikimedia,people
wiki_64019813.webm,real,wikimedia,people
wiki_98398692.webm,real,wikimedia,nature
wiki_12011504.webm,real,wikimedia,nature
wiki_8643561.webm,real,wikimedia,nature
wiki_17172554.webm,real,wikimedia,people
wiki_11844555.webm,real,wikimedia,people
wiki_11429675.webm,real,wikimedia,people
wiki_22789603.webm,real,wikimedia,chaotic
wiki_54742040.webm,real,wikimedia,chaotic
wiki_83300174.webm,real,wikimedia,chaotic
wiki_70878618.webm,real,wikimedia,street
wiki_7518352.webm,real,wikimedia,street
wiki_70344947.ogv,real,wikimedia,street
wiki_11199635.webm,real,wikimedia,nature
wiki_60191269.webm,real,wikimedia,nature
wiki_67128211.webm,real,wikimedia,nature
wiki_65489228.webm,real,wikimedia,aerial
wiki_53588874.webm,real,wikimedia,aerial
wiki_10194057.webm,real,wikimedia,aerial
wiki_23207066.webm,real,wikimedia,animal
wiki_27774887.webm,real,wikimedia,animal
wiki_85734030.webm,real,wikimedia,animal
wiki_78448753.ogv,real,wikimedia,animal
wiki_32712301.webm,real,wikimedia,animal
wiki_15434312.ogv,real,wikimedia,animal
wiki_81451320.webm,real,wikimedia,animal
wiki_88754942.webm,real,wikimedia,animal
wiki_2933510.webm,real,wikimedia,animal
wiki_3042950.webm,real,wikimedia,animal
wiki_6454713.webm,real,wikimedia,animal
wiki_50162991.webm,real,wikimedia,nature
wiki_74971732.webm,real,wikimedia,nature
wiki_44061601.webm,real,wikimedia,nature
wiki_35542066.webm,real,wikimedia,nature
wiki_57705262.webm,real,wikimedia,nature
wiki_90139152.webm,real,wikimedia,nature
wiki_12408558.webm,real,wikimedia,nature
wiki_28755577.webm,real,wikimedia,nature
wiki_53571357.webm,real,wikimedia,nature
wiki_98532424.webm,real,wikimedia,nature
wiki_70137202.webm,real,wikimedia,nature
wiki_27993226.webm,real,wikimedia,nature
wiki_18847150.webm,real,wikimedia,nature
wiki_43375015.webm,real,wikimedia,nature
wiki_94837924.webm,real,wikimedia,nature
wiki_71171900.webm,real,wikimedia,nature
wiki_34544463.webm,real,wikimedia,nature
wiki_3521149.webm,real,wikimedia,nature
wiki_2227064.webm,real,wikimedia,weather
wiki_70007982.webm,real,wikimedia,weather
wiki_62814818.webm,real,wikimedia,weather
wiki_21869183.webm,real,wikimedia,weather
wiki_90478965.webm,real,wikimedia,weather
wiki_145673.webm,real,wikimedia,weather
wiki_47049316.webm,real,wikimedia,weather
wiki_98187602.webm,real,wikimedia,weather
wiki_69212319.webm,real,wikimedia,weather
wiki_20804793.webm,real,wikimedia,weather
wiki_1629776.webm,real,wikimedia,weather
wiki_85639767.webm,real,wikimedia,weather
wiki_60260485.webm,real,wikimedia,nature
wiki_59281156.webm,real,wikimedia,nature
wiki_89196771.webm,real,wikimedia,street
wiki_76406315.webm,real,wikimedia,street
wiki_76646192.webm,real,wikimedia,street
wiki_60202668.ogv,real,wikimedia,people
wiki_1603522.webm,real,wikimedia,people
wiki_46332865.webm,real,wikimedia,people
wiki_21637150.webm,real,wikimedia,people
wiki_4515215.webm,real,wikimedia,people
wiki_46334983.webm,real,wikimedia,people
wiki_44589819.webm,real,wikimedia,people
wiki_956766.webm,real,wikimedia,people
wiki_86638908.webm,real,wikimedia,people
wiki_91492404.webm,real,wikimedia,people
wiki_15499846.webm,real,wikimedia,people
wiki_57761248.webm,real,wikimedia,people
wiki_64740894.webm,real,wikimedia,people
wiki_60727695.webm,real,wikimedia,people
wiki_64866760.webm,real,wikimedia,people
wiki_22593078.webm,real,wikimedia,sport
wiki_27272831.webm,real,wikimedia,sport
wiki_12665628.webm,real,wikimedia,sport
wiki_96583257.webm,real,wikimedia,sport
wiki_25266429.webm,real,wikimedia,sport
wiki_17832293.webm,real,wikimedia,sport
wiki_28197078.webm,real,wikimedia,sport
wiki_46668019.webm,real,wikimedia,sport
wiki_63466792.webm,real,wikimedia,sport
wiki_95766453.webm,real,wikimedia,sport
wiki_32779595.webm,real,wikimedia,sport
wiki_82395513.webm,real,wikimedia,sport
wiki_40208217.webm,real,wikimedia,sport
wiki_18548942.webm,real,wikimedia,sport
wiki_34897705.webm,real,wikimedia,sport
wiki_63722916.webm,real,wikimedia,sport
wiki_94200316.webm,real,wikimedia,sport
wiki_4890451.webm,real,wikimedia,sport
wiki_4265613.webm,real,wikimedia,machine
wiki_32351546.webm,real,wikimedia,machine
wiki_19112046.webm,real,wikimedia,machine
wiki_80479684.webm,real,wikimedia,machine
wiki_52347271.webm,real,wikimedia,machine
wiki_33146895.webm,real,wikimedia,machine
wiki_9461439.webm,real,wikimedia,aerial
wiki_35049175.webm,real,wikimedia,aerial
wiki_3757635.webm,real,wikimedia,aerial
wiki_75329201.webm,real,wikimedia,nature
wiki_11067675.webm,real,wikimedia,nature
wiki_20725778.webm,real,wikimedia,nature
wiki_73004053.webm,real,wikimedia,nature
wiki_7320673.webm,real,wikimedia,nature
wiki_58845968.webm,real,wikimedia,nature
wiki_89215216.webm,real,wikimedia,nature
wiki_83863714.webm,real,wikimedia,nature
wiki_29402022.webm,real,wikimedia,chaotic
wiki_30157872.webm,real,wikimedia,chaotic
wiki_38834846.webm,real,wikimedia,chaotic
wiki_70583325.webm,real,wikimedia,chaotic
wiki_1600382.webm,real,wikimedia,chaotic
wiki_26234530.webm,real,wikimedia,chaotic
wiki_29774700.webm,real,wikimedia,people
wiki_39222058.webm,real,wikimedia,people
wiki_70055709.ogv,real,wikimedia,people
